{
    "acc": {
        "pvalue": 4.483321625937445e-26,
        "a12": 0.5914078028246593,
        "effect_size_score": 0.18281560564931865,
        "effect_size": "small"
    },
    "f2": {
        "pvalue": 2.9595186665191526e-66,
        "a12": 0.6488051490630908,
        "effect_size_score": 0.29761029812618167,
        "effect_size": "small"
    }
}