{"pvalue": 4.483321625937445e-26, "a12": 0.5914078028246593, "effect_size_score": 0.18281560564931865, "effect_size": "small"}