{"1": {"pvalue": 0.0, "a12": 0.8679837430747922, "effect_size_score": 0.7359674861495844, "effect_size": "large"}, "3": {"pvalue": 0.0, "a12": 0.8328900796398891, "effect_size_score": 0.6657801592797783, "effect_size": "large"}, "5": {"pvalue": 0.0, "a12": 0.7998725588642659, "effect_size_score": 0.5997451177285318, "effect_size": "large"}}