{"pvalue": 7.217889500651136e-08, "a12": 0.548268125682494, "effect_size_score": 0.09653625136498789, "effect_size": "negligible"}