{
    "acc": {
        "pvalue": 7.217889500651136e-08,
        "a12": 0.548268125682494,
        "effect_size_score": 0.09653625136498789,
        "effect_size": "negligible"
    },
    "f2": {
        "pvalue": 1.4020261645370205e-24,
        "a12": 0.5917213878730435,
        "effect_size_score": 0.18344277574608703,
        "effect_size": "small"
    }
}