{"1": {"pvalue": 0.0, "a12": 0.8090665471808943, "effect_size_score": 0.6181330943617886, "effect_size": "large"}, "3": {"pvalue": 0.0, "a12": 0.7843339257862333, "effect_size_score": 0.5686678515724666, "effect_size": "large"}, "5": {"pvalue": 0.0, "a12": 0.7594625015045428, "effect_size_score": 0.5189250030090855, "effect_size": "large"}}